﻿{"cameraMode":{"drawMode":0,"name":"Shaded","section":"Shading Mode"},"sceneLighting":true,"audioPlay":false,"sceneViewState":{"showFog":true,"showMaterialUpdate":false,"showSkybox":true,"showFlares":true,"showImageEffects":true,"showParticleSystems":true,"showVisualEffectGraphs":true,"m_FxEnabled":true},"in2DMode":false,"pivot":{"x":-2.7608795166015627,"y":4.837872505187988,"z":-3.7887182235717775},"rotation":{"x":0.07425642013549805,"y":0.9230424761772156,"z":-0.3010890781879425,"w":0.2276463657617569},"size":7.071067810058594,"orthographic":false}