﻿{"cameraMode":{"drawMode":0,"name":"Shaded","section":"Shading Mode"},"sceneLighting":true,"audioPlay":false,"sceneViewState":{"showFog":true,"showMaterialUpdate":false,"showSkybox":true,"showFlares":true,"showImageEffects":true,"showParticleSystems":true,"showVisualEffectGraphs":true,"m_FxEnabled":true},"in2DMode":false,"pivot":{"x":15.309669494628907,"y":-32.15386962890625,"z":17.676258087158204},"rotation":{"x":-0.29904869198799136,"y":-0.3975922763347626,"z":0.13885627686977387,"w":-0.8562770485877991},"size":37.9995231628418,"orthographic":false}