﻿{"cameraMode":{"drawMode":0,"name":"Shaded","section":"Shading Mode"},"sceneLighting":false,"audioPlay":false,"sceneViewState":{"showFog":true,"showMaterialUpdate":false,"showSkybox":true,"showFlares":true,"showImageEffects":true,"showParticleSystems":true,"showVisualEffectGraphs":true,"m_FxEnabled":true},"in2DMode":false,"pivot":{"x":-29.41586685180664,"y":0.0,"z":-7.8328986167907719},"rotation":{"x":0.1849861592054367,"y":-0.313628613948822,"z":0.062433697283267978,"w":0.9292572140693665},"size":4.116105556488037,"orthographic":false}