﻿{"cameraMode":{"drawMode":0,"name":"Shaded","section":"Shading Mode"},"sceneLighting":false,"audioPlay":false,"sceneViewState":{"showFog":true,"showMaterialUpdate":false,"showSkybox":false,"showFlares":true,"showImageEffects":true,"showParticleSystems":true,"showVisualEffectGraphs":true,"m_FxEnabled":true},"in2DMode":false,"pivot":{"x":20.319366455078126,"y":15.885074615478516,"z":-30.095151901245118},"rotation":{"x":-0.03031184896826744,"y":0.880685567855835,"z":-0.056883059442043307,"w":-0.46929678320884707},"size":15.756084442138672,"orthographic":true}