﻿{"cameraMode":{"drawMode":0,"name":"Shaded","section":"Shading Mode"},"sceneLighting":false,"audioPlay":false,"sceneViewState":{"showFog":true,"showMaterialUpdate":false,"showSkybox":false,"showFlares":true,"showImageEffects":true,"showParticleSystems":true},"in2DMode":false,"pivot":{"x":42.58888626098633,"y":34.19633102416992,"z":49.984275817871097},"rotation":{"x":0.24899229407310487,"y":-0.39101117849349978,"z":0.1107453927397728,"w":0.8791208863258362},"size":10.137791633605957,"orthographic":true}