﻿{"cameraMode":{"drawMode":0,"name":"Shaded","section":"Shading Mode"},"sceneLighting":true,"audioPlay":false,"sceneViewState":{"showFog":false,"showMaterialUpdate":false,"showSkybox":false,"showFlares":false,"showImageEffects":false,"showParticleSystems":false},"in2DMode":false,"pivot":{"x":0.18399205803871156,"y":0.06165529787540436,"z":0.0},"rotation":{"x":0.024631744250655175,"y":0.9703837037086487,"z":-0.1125803217291832,"w":0.21231263875961305},"size":3.7772014141082765,"orthographic":true}