﻿{"cameraMode":{"drawMode":0,"name":"Shaded","section":"Shading Mode"},"sceneLighting":true,"audioPlay":false,"sceneViewState":{"showFog":false,"showMaterialUpdate":false,"showSkybox":false,"showFlares":false,"showImageEffects":false,"showParticleSystems":false},"in2DMode":false,"pivot":{"x":0.5686604976654053,"y":0.029052734375,"z":-0.46197307109832766},"rotation":{"x":-0.052155569195747378,"y":0.8768091201782227,"z":-0.09772559255361557,"w":-0.46790871024131777},"size":4.257809638977051,"orthographic":true}