﻿{"cameraMode":{"drawMode":0,"name":"Shaded","section":"Shading Mode"},"sceneLighting":false,"audioPlay":false,"sceneViewState":{"showFog":true,"showMaterialUpdate":false,"showSkybox":false,"showFlares":true,"showImageEffects":true,"showParticleSystems":true,"showVisualEffectGraphs":true,"m_FxEnabled":true},"in2DMode":false,"pivot":{"x":8.072999954223633,"y":0.0,"z":-0.021000027656555177},"rotation":{"x":-0.14280737936496736,"y":0.3500814139842987,"z":-0.05409548431634903,"w":-0.9241877794265747},"size":2.1794495582580568,"orthographic":false}